{
    "@context": "\/api\/3\/contexts\/SystemViewTemplate",
    "@type": "SystemViewTemplate",
    "type": "rows",
    "config": {
        "rows": [
            {
                "columns": [
                    {
                        "widgets": [
                            {
                                "type": "editableForm",
                                "config": []
                            }
                        ]
                    }
                ]
            },
            {
                "columns": [
                    {
                        "widgets": [
                            {
                                "type": "tabs",
                                "config": {
                                    "tabs": [
                                        {
                                            "title": "Related Records",
                                            "widget": {
                                                "type": "relationship.subtab",
                                                "config": []
                                            }
                                        }
                                    ]
                                }
                            }
                        ]
                    }
                ]
            }
        ]
    },
    "uuid": "modules-u_s_bs-detail"
}